title,link,source,date
颱風凱米最快23日海警24日及25日最接近台灣| 生活,https://news.google.com/read/CBMiX0FVX3lxTE9fMzVPX0xRRVJtc1FQcTl5YjRzZmFXNzRMUDhCNXFnTTlKVGZHRGVtSUpWaUJ3eE1BMjNLYzY2aS1kSXdVelZDb2ZBbTg4YkRKUUlkcVZHLWlWN1NHOEtB?hl=zh-TW&gl=TW&ceid=TW%3Azh-Hant,中央社即時新聞,7月20日
未來1周如果颱風生成難侵台 粉專曝原因：蠻少見的現象,https://news.google.com/read/CBMiUEFVX3lxTFBjV2dCal85UUtpU3QzVk5CVUowRW5sVlNCLVV1NkdIeS1tdmE5WnphX3EzNDRpMUhHOFJlVkRvcnZqbUVOdWZQb3RBbVJWcjlH0gFWQVVfeXFMTnVHdTJaTUhUdkxzcHBGMHppZkg2T21xN3BUTmpseDdBVkNRZlppY1o2RnA2SUFZTF91cDR4ZzNHeDlERkRWNndZdVlQOTRMTDlFa2QxZnc?hl=zh-TW&gl=TW&ceid=TW%3Azh-Hant,聯合新聞網,7月31日
視察凱米颱風彰化南投校舍與農損災情 鄭副院長：中央首重恢復學校運作 多項長短期措施協助受災部落、農民、中小企業度過難關,https://news.google.com/read/CBMihwFBVV95cUxQMV9nSFhWZk1OYlFmSG9kRFBuampRTG5BTFJfXzR0ck9HSG02S19wd1YyeHpDNDJ5WWZGYi1yQUc2WGlUdk5LQnRBX0hDTE1KcnlMQ1FPRTBUX3A1cFhZT1g0NEQxT25hREZPQWM4dmU3SEtZYV9lcDhkakdiT1JXdVRYQ1hpanc?hl=zh-TW&gl=TW&ceid=TW%3Azh-Hant,行政院,7月27日
颱風凱米挾豪雨26日全台停班課一覽高雄台南等9縣市停班停課| 生活,https://news.google.com/read/CBMiX0FVX3lxTE50bnY1VFlrS3lFZjZnT1Z6enlHZ3YyMlpjX1B4bXY5OHFqV3FGbjRKRlBGMXRuVjFfM2JjcHJwY2szU1A4SE11Rm1xaW1ZWExoUFVQYUplZlp1LVVGUmkw?hl=zh-TW&gl=TW&ceid=TW%3Azh-Hant,中央社即時新聞,7月25日
立秋悶熱+午後雷陣雨 瑪莉亞颱風最快今生成 對台灣影響曝,https://news.google.com/read/CBMiUEFVX3lxTE9yZUIyOU5va0Y1VnhBdEpWenZvLXI0cXowQUc3dFhfSHNwNW0xdDUzVzdyS3F3S3I0WjV0cmxnNkx0RnVaeUFidmVHZzhLeXlW0gFWQVVfeXFMTnNnZG00eXVPcWdSN2pGTkpmMnVTd29tMnd5QW44Q09CLUNfdC1IbFZJWmRvWkFfdVhXTlc1bDJ1a1FGS0xDN2JsVmlSNVp0ekdIbExlM3c?hl=zh-TW&gl=TW&ceid=TW%3Azh-Hant,聯合新聞網,10 小時前
颱風凱米逼近 嘉義縣24日停止上班、上課,https://news.google.com/read/CBMiX0FVX3lxTE1UVnRFbEFBZHFXUzI0UU9MTHMtSE1HTFk4YWdGZUFSXzdlRVA5UnhGMXQ3RE9yZE9xWkhOd0o3YmMxQVlPVXNnMjd1SjY1X2s3bGVFTXNUR3d2TUVqbVU4?hl=zh-TW&gl=TW&ceid=TW%3Azh-Hant,中央社即時新聞,7月23日
未來一周高溫…周末變天雨下到這時 颱風生成8月中旬再觀察,https://news.google.com/read/CBMiUEFVX3lxTE9BaEdIVDZxVHFOTHJ3dm5kZTk5eWluMXk2dWtybEJfX1lsbG1BSFZQekU4ZE1uSC05encwbGZuNlNDVzItT1pwU2N3cEhXOV9x0gFWQVVfeXFMUHZOQV83WFk3S3Yxci13c25RaUxNZDQ1a1B3U21ibjF0UEd2eFlGNlZfN1ctXzVuQzdFbW5YOHVpXzVseTNSWWVraEplNU0yaDI3cVVFTFE?hl=zh-TW&gl=TW&ceid=TW%3Azh-Hant,聯合新聞網,7月31日
早安世界》颱風凱米最快23日海警24、25日最接近台灣| 生活,https://news.google.com/read/CBMiX0FVX3lxTE1mVGV4ZFV2TnhEWTRrM1BmVkx5WDhnWFFtcVVoNk5uMlpFTHZYSjV0SmFMVk5PeGszclF2YzVQdkdVeFRNN2lwc3VoSEFwNE13QWJZdWpyWHAxR3RYcUxN?hl=zh-TW&gl=TW&ceid=TW%3Azh-Hant,中央社即時新聞,7月21日
颱風凱米生成最快23日上半天發布海警| 生活,https://news.google.com/read/CBMiX0FVX3lxTE9uSTF2UXhoay1LYkdlM2NaVGd5dk5tQXRjUGU3VXloOWl5NDZLUTJJOGJUSXpwaE1mNjBVbUQzMFZIVXMwNTBGV0NPbmNCNUFVM0JyR05lLWtBRFF2OU5J?hl=zh-TW&gl=TW&ceid=TW%3Azh-Hant,中央社即時新聞,7月20日
估下週台灣東方海面有颱風吳德榮：美國模式預測不會登陸| 生活,https://news.google.com/read/CBMiX0FVX3lxTE9CekRtajhSWHA3UExMazVtdnNLMlF1dGdNSW1hdGFmWk1hRUt3dmEtMXJKTkpDYWdkREMwSi1vQnJaS00xSVJJYVJlZHM4TFhJZlRMN3QwVV9nRG9sTHY4?hl=zh-TW&gl=TW&ceid=TW%3Azh-Hant,中央社即時新聞,7月19日
颱風凱米來襲24日21縣市颱風假全台停班課一覽| 生活,https://news.google.com/read/CBMiX0FVX3lxTE9ZZmpzcVVqelRqeTE5RXpmNmFSbUJPNGlXOHBfbnJBR1V0N1VndkhJckZ4T2pCSjdta1VfMjZsQ08ta0JlNTV2NDZPYjJ4Y0pGU2tRV3Jqd0lCUUZGMmZV?hl=zh-TW&gl=TW&ceid=TW%3Azh-Hant,中央社即時新聞,7月23日
颱風凱米逼近蔣萬安：依精確訊息及路徑判斷颱風假| 地方,https://news.google.com/read/CBMiX0FVX3lxTFB3bVdOaW93cEtXN1hFRTFiN0NYRzhNZTJwMExOUm95RVlzRjJpOS1SSkNOV3lHZXAzQVlIcGNhbnVCWnJmVy1nVlVRaTc2ZHdHRHhkb2RrSHNrY2hCVFQ4?hl=zh-TW&gl=TW&ceid=TW%3Azh-Hant,中央社即時新聞,7月22日
颱風凱米最新風雨預測25日清晨全台達停班課標準| 生活,https://news.google.com/read/CBMiX0FVX3lxTE5NbGRIT09DNHp1c0VsbktOLUpkU3BHekNIYWJlWmZRZzJ3UGQxRHptU3ZaSWt6bi1JdVVjdkgwSmdENk5yRE9JU3hoSEtuaTZWbVMwYy1Qd0c3WURqUEZ3?hl=zh-TW&gl=TW&ceid=TW%3Azh-Hant,中央社即時新聞,7月24日
吳德榮：凱米估22日增強為中度颱風風雨不可小覷| 生活,https://news.google.com/read/CBMiX0FVX3lxTE91bXlnS1M2UDExMExoRk02SVZCMlB6b3RINFJsWTRzLWNySHFpYXhBdnotMGxzOHdBNGo2S2llV3hmanRpQTlKZFVEd1FsczlhbHB0WmtHOXdyVTkySnhF?hl=zh-TW&gl=TW&ceid=TW%3Azh-Hant,中央社即時新聞,7月21日
颱風凱米最快20日生成可能發海警 週末高溫炎熱大台北上看37度,https://news.google.com/read/CBMiX0FVX3lxTE53djdhNThER21RMlk4cDNVeTlSMjRiUUwxM2FocllMS3JjQkZHdlZfd2JEcTNHYjJCMDM4ck5WR3lzTXllU3dUVDJ4Q3pQUmZTNEZCeW9qNGpDdlF2SEdz?hl=zh-TW&gl=TW&ceid=TW%3Azh-Hant,中央社即時新聞,7月19日
颱風凱米增強25日全台停班停課| 生活,https://news.google.com/read/CBMiX0FVX3lxTE9NLWxIcnk1TmdYNmhZRWp5a19ueTRINDNvR1NiYlFGN1E5RDRpekppb2NreGF0Mmp0S0dTemZabXp0UDZoX2hPeTc1QVZZV0xTa2tIS05wa2xyNnJkZHI0?hl=zh-TW&gl=TW&ceid=TW%3Azh-Hant,中央社即時新聞,7月24日
颱風凱米侵台15縣市24日全天停班課| 生活,https://news.google.com/read/CBMiX0FVX3lxTE9IRllhaDNzVTNnT0JXLThKNkg4dG9Qd0YzOENFVktIN05lZ3NBdi1JTVhHYm0tdG1MMk1iSnFFUmRHMU5oT2hJNDBDcTBpcTJtNE52MnlwbC1HbTNFaWhR?hl=zh-TW&gl=TW&ceid=TW%3Azh-Hant,中央社即時新聞,7月23日
颱風凱米生成日本氣象廳估24日逼近沖繩先島群島| 國際,https://news.google.com/read/CBMiX0FVX3lxTE1zeGVJSWFNR3pTM3JPUTJfZFhpeEZqdy1JQUZsejJsSmhrSDRud1d4XzNxbEI1X010dlFBLVFKMDBIR3RsQTFaOTlCS1JyUmxPT0pfWTh2eVpZTXltd2dZ?hl=zh-TW&gl=TW&ceid=TW%3Azh-Hant,中央社即時新聞,7月20日
颱風凱米逼近台北市原則晚間8時宣布放不放颱風假| 生活,https://news.google.com/read/CBMiX0FVX3lxTE00WV94QXh2V2xKbVI2TllISUVtb0dWTm9KSWhfM2xxT1NrQk9iVkYzZUlXWHN3TmNtMDgxU21ZdlRkV04wV3UweTVWU3g4LWVNYTU3amZUaW9aY2M0QU80?hl=zh-TW&gl=TW&ceid=TW%3Azh-Hant,中央社即時新聞,7月23日
颱風凱米海警暫定22日晚間11時30分發雨勢估23日晚至25日最顯著| 生活,https://news.google.com/read/CBMiX0FVX3lxTE1yR1FTeWRaMDlPTnBtb0cwTHFEV1BoWVQ3ODhkNUtGczMwZG1yYUJCOW9xaDBuNzQ1MXZFa2JWbjFpV2Zjb0pqd3pTRlQyNkZpR2t2Ml9FRzNxUnJSX1pz?hl=zh-TW&gl=TW&ceid=TW%3Azh-Hant,中央社即時新聞,7月22日
颱風凱米肆虐台灣 至少6死350傷,https://news.google.com/read/CBMiZkFVX3lxTE9TeDZYVDdJdVJVSm9DZEs2SlZPMWhyQkV6QW4tMVJueGRTS1dpbjc2NzBnX21RLWNpWTJyX2JRQzNSVGZJSGR5MUctdU1GSFhBQ194VklscTNrWUxIUk4yQlA5LS1iQQ?hl=zh-TW&gl=TW&ceid=TW%3Azh-Hant,BBC.com,7月25日
颱風凱米最快週末生成估23、24日移至台灣東方海面| 生活,https://news.google.com/read/CBMiX0FVX3lxTE1rOC1UcjU2LWxaT0Nfb3otTzRLalM1UElxbU9NQVAtSzBYUWhjNE5WR0dQMkN1UmxUYkVhUEVfcmpmak9Da1VnTlVSWXR1OGEwcmFEdG1WakhGczAwQTl3?hl=zh-TW&gl=TW&ceid=TW%3Azh-Hant,中央社即時新聞,7月18日
颱風凱米升級強颱，颱風假連放2天？颱風假停班停課與薪水規定一次看,https://news.google.com/read/CBMiTkFVX3lxTE5LUk1KNFEtUV96UTFaQkY3LXhlZVRMWWlvRHBHUVhvRkItaThRN29tQklZZUNReHkzazdXblZZWGhkWFZWeWRpT0xMVTM0UQ?hl=zh-TW&gl=TW&ceid=TW%3Azh-Hant,遠見雜誌,7月24日
凱米颱風台南淹水百姓受苦 民代喊出聲請國賠,https://news.google.com/read/CBMiUEFVX3lxTE9nYWItTU5iazBUVnlDWHdoVk1nTVFNeEh6dkcxMGhtZXR0c1ktZjVWTHJzaE1UTmViTmZzOGdENkI4VjNNeTlpZko3azRFaXo10gFWQVVfeXFMTmJGU29MX0kwRzhfOTlHY3JTYlhaOGEyWTBKVmFLUTlsWVpMd3pEQUVvRHhmbWk2dWllNlRER19Bd1dWWG5VVjh5dTI1UTI4VXNnaHBhSVE?hl=zh-TW&gl=TW&ceid=TW%3Azh-Hant,聯合新聞網,7月29日
颱風凱米轉中颱不排除中心24日登陸宜蘭| 生活,https://news.google.com/read/CBMiX0FVX3lxTE5uT0xIZnRPcjZXMks2YUljcnZiTEdMVnc2X1lfb2tWWEx3QjFSRFlWYWpOUDkzSjd4VjhkX281QnUwbmFLNEZoWVpXT2l2T3ZjQkNBQ0ZfekxPd0RBVjdJ?hl=zh-TW&gl=TW&ceid=TW%3Azh-Hant,中央社即時新聞,7月22日
賈新興：颱風凱米18至19日有望生成朝港澳移動| 生活,https://news.google.com/read/CBMiX0FVX3lxTE9qYnpZQVZIT3I4Wm1rVC1jakF1SXQ2ckxRaXVONk8yUjU2QXZSSU5EalVMSnd4aHhQaUVrcW1oN3c0UG5vYjdSTDNlOVNrbl80SWlrNUo5NjVLbFNLaEJ3?hl=zh-TW&gl=TW&ceid=TW%3Azh-Hant,中央社即時新聞,7月15日
交通不通繼續放颱風假 花蓮這2區停班停課,https://news.google.com/read/CBMiUEFVX3lxTE1fVDdTXzNyMWFrRlEzYkMzSF9jZ3hUQ2tNVGl0SjZtMXVRMjNBMkw2WW5EdnI1cEVKWUZEeDRoOFRoQnVxNnJUcWxueDJoT3Na0gFYQVVfeXFMT2o2eTYxbWx0c1dxcGIxNU5LZHctOG1ja1Z1U1lqbzg4X3dCb2Nma0VDeDlmdDdlRFh3am1mVV8ySE9nMUlQT0FDQnhzLXdYY3pMdHhpQzZQTA?hl=zh-TW&gl=TW&ceid=TW%3Azh-Hant,聯合新聞網,7月29日
凱米颱風23日有機會發布海警 專家：轉中颱機率高 ｜ 公視新聞網 PNN,https://news.google.com/read/CBMiT0FVX3lxTE5zMHJmeFE2VHZ4aTFOUE1VX0RhdzVNWGtpTzlhMkVfajUyd0Y5U3pDNElDNHRrb2Q4NXVUX05EMmd3LXNBZEJsQ3p6aDl5QTjSAVRBVV95cUxPWC1tVFFHb3ZiWWF0M1F1bE9lN0dDdmM2RF9tUXZyQXo3NjN1NW4zSlloX1RtZlVTYmZQTFZ3Ym1fVm1vSkZaOUlGQlJwNm5pMVNyaTE?hl=zh-TW&gl=TW&ceid=TW%3Azh-Hant,公視新聞,7月20日
颱風凱米來襲全台22縣市25日停班停課| 生活,https://news.google.com/read/CBMiX0FVX3lxTE0yYXdkeGpVQmZPTFZGdnpLd1UxZGZEOVpsLUgwbnFqMjZpNXhGdFZNLTlfWVJrbDR3dldVN0Y5c0pOVGhvX1JkX1gzMEdSVkxCYVVLWWhRZ3hGb2g0RzI4?hl=zh-TW&gl=TW&ceid=TW%3Azh-Hant,中央社即時新聞,7月24日
颱風凱米逼近北北基桃24日是否停班停課晚間8時宣布| 生活,https://news.google.com/read/CBMiX0FVX3lxTFBKejJadEZlUlFycXdwaXprU1d2WlZzckt0RWpoRHZEQ3kwVzQwQWMzeHJHWjZIRFVVN0xmVHlRU05pTHU4R0tVSXdmZVFhV2tFN2p5WXRudTZBMjVwZkV3?hl=zh-TW&gl=TW&ceid=TW%3Azh-Hant,中央社即時新聞,7月23日
【移花接木】網傳「凱米颱風到福建造成災情」？,https://news.google.com/read/CBMiUkFVX3lxTE9pNHhCMEdLNnBqZXZLUjhzS0c4Z0hQd0FwSXVzU1hLYy1iOXRMbnc2RUVYM3VJd3luVzNjMF85Ry15Um55UTRRYmhCRDZHYUpPRHc?hl=zh-TW&gl=TW&ceid=TW%3Azh-Hant,台灣事實查核中心,7月30日
凱米颱風侵台 北部放兩天颱風假 預報高估凱米強度？鄭明典分析原因｜YahooTV 天氣多一典,https://news.google.com/read/CBMikARBVV95cUxPd05SQmMzXzdjVzhxYXFWZ2d3aElaakZhakhwbHZ0UGd6elpGSGVNU0h6YjJxX0owS0NvZXBUeGp3c0w1WnFWV0xwenRnUHNZczF2d1otNllybnJ1ZVlwUFBMeHd2Q3VqaWxYMndIWnFKM0swUlZ3cUQ3Y2FWWVliUFZHd1p1SEJvSm90M29TSktibzY2OWpuTjBSNmwyc05HQ3doY2E0YWRWTmFPS3JTNEtBUFpBU0wxTXhiaFE0YUwwb0NnT25LTmFnbUpYeUFZc2w1ZmxXU0RRRG9SdW0tUWpoVUdZU2ZtdUhlSlQ4THRtQzJITVpRVlRmeGlndWVUTWJHN2d2TnVSTjZWQW9zVFgwNkw0QjItRGRVUTQ1VW1tVFhHUlRKczY5UUJPTUYwcWcxVXBhVVZWelVzNUs2LW96UHNyNW01X1hmSDIxa3F2NW9FN1Nvcm1lU0pTaFBmcWgxR3JHc0VrcE5FeUVJRnRjNDFBVkxiVC1hMnJoaldiczFISXRVSGRDa2dQVmJwUGtSOFFPQks5S2hHTHk2QXpzT0VJcmpYZ09kMFRCa0ptYU05WW1ndm1sNGl0aGczTXJEX3pXNmpJLTJjTjI4Z2hfTTE0YWwwYzhfb0ZPUXhQbThtTVp6dHlYd2UyV1ZwR3lwMV85Vzc2RXlGSDBianRzM0JXcUJOZE02bzczT1Q?hl=zh-TW&gl=TW&ceid=TW%3Azh-Hant,Yahoo奇摩新聞,7月29日
颱風訊息專區-公告訊息-新聞稿-中市今晚預估脫離凱米暴風圈盧市長主持災變會報：颱風尾不可掉以輕心,https://news.google.com/read/CBMifkFVX3lxTE5OZ05tOGNzVF9HSjVhOVNzV0IxRG5yRks1d2pyV2wzcE1ZMmdPOXNnVGs3NTdpbTNUN3k1YllQeVo0bXhWRTRkUXI5UVlaXzltTnlQSXhoeUxIcExGa2lFNWQ3RDBTLTBUbkZqNEN0eTFTdWQ5QlRTQlRiazVZQQ?hl=zh-TW&gl=TW&ceid=TW%3Azh-Hant,臺中市政府,7月25日
凱米颱風清晨出海！吳德榮：中南部慎防致災性超大豪雨,https://news.google.com/read/CBMiTkFVX3lxTE93RW94azZMQjlPeDExcndyVW1LOUhqQjE2cms0bnFpbkcyVWo3RExXbWtBYS1TdFVlWTZIVEd6WlZ6N1ZaRWhmWmk4YUdCQQ?hl=zh-TW&gl=TW&ceid=TW%3Azh-Hant,天下雜誌,7月25日
瑪莉亞颱風將生成 賈新興：估朝日本東北外海移動,https://news.google.com/read/CBMiUEFVX3lxTE5KSVpreXFLX0l5X1NaXzNyWXMzeDJHYjZFOWZuMWh4c3BGVzJGNFlxbG1BWVVLUWtfZGpEemhwS3J6VXU4VTJ3ZHphM3ptWGd60gFWQVVfeXFMTWVZbkkwam9taVBrVEVzRS1uNFNzREpWcnRaLWFfMnp1U1lNWFRZOWhzdVBJU1dzX1J5UWtYNnIxclNBNDVldWdmVlducWNhS043aUtVa1E?hl=zh-TW&gl=TW&ceid=TW%3Azh-Hant,聯合新聞網,9 小時前
今天立秋 颱風即將生成預測路徑曝 吳德榮分析對台影響,https://news.google.com/read/CBMiUEFVX3lxTE5yZ3Qta2l3MnlQdW13MjVGZEYwbmhQRGlrcVhyNVFDWFZCejJaZUJnV2taSWU2a0RYSmh3LS1hZ1IyMGxFTEx1aEpXN2JfSDVa0gFWQVVfeXFMUGdQZXJnUFNIRzBkYS1GaC14UmlHS09yLTlsTHpPZUVfSi1LdVpYSFBZbWVqNU9yeGxLV3EtRzB3WTJZSkR3ejNLQ1FkZ3JxUzZpc0Vzb0E?hl=zh-TW&gl=TW&ceid=TW%3Azh-Hant,聯合新聞網,12 小時前
下週大氣環境有利颱風生成 賈新興估機率6成,https://news.google.com/read/CBMiX0FVX3lxTE9vVUVpS1gtVHBtWndZS3NZZXRzSU5HaG5sRzdVQ1JHSzZ0bDBlNVRrWHd5b0V1aDVIdnZqN0UxYWRnZVFIcW5ITkg4SnBKd0R5MUc2SE96bmZGT1A4UElJ?hl=zh-TW&gl=TW&ceid=TW%3Azh-Hant,中央社即時新聞,7月17日
嘉義縣市颱風假大逆轉同步放假 考量共同生活圈,https://news.google.com/read/CBMiUEFVX3lxTFA1WF9YajFOQnRudnpaaTVDZjRCTFVuR0FzNWZRYkt4aUNFMTZGcVp3OVh1RlhFQ1d4SVlXc2xlNTJKdFJORzI5QmdHNkw1R2N10gFYQVVfeXFMT0pwUWk5RVNSNGppbExSREk5TVlEc2JaLXlxZklRazJaaGJrc1cxM1ZmYWowTHBPeEZsekRwR0hfR2lnTlRpcV9mZExYbFJxeGtLZkVFMXpJMA?hl=zh-TW&gl=TW&ceid=TW%3Azh-Hant,聯合新聞網,7月26日
下周可能有颱風？對台影響機率曝,https://news.google.com/read/CBMiUEFVX3lxTE50T1Z5SDk1ckZqVkwycDdMSUc1akFFWHgtYlBneENvZk50RzhLajhZWk9zMHo3T0JzSjlXRVdVRnpkUng5VGV4Z3VQMHNYU0g20gFWQVVfeXFMT3FiV0xpajJqRWdpRGNSTWxzc3dZeEZKc0RQSm1WaERMb015MUZEbGp4cXhxOWM1aTJabkt6ZXN4U0dtZC1wVGF4akVlWHpSOWtCdXNPelE?hl=zh-TW&gl=TW&ceid=TW%3Azh-Hant,聯合新聞網,3 天前
凱米颱風強襲！北北基桃連放兩天假 25日停止上班課,https://news.google.com/read/CBMiUEFVX3lxTE1sUkQtZ0J4TmRXZzVxZktMbGo1aE5wVDNxNXViQm1tRDIxQUhvOGVCVUxuWUZvWF92cElEc0RfcENKRXcwd1lQbWFvVENSZ2JH0gFYQVVfeXFMTkJON3VObG50Q2V0bkVTQ2pic1hmdGhCWi02cTR5a2hFbFJPODV0ZmVacFl2UU83YVNUekEtMGlKVmFadDVwX2lSS3R6R1FLNXBfTW1OQ29lbg?hl=zh-TW&gl=TW&ceid=TW%3Azh-Hant,聯合新聞網,7月24日
颱風凱米／中南部估仍持續降雨 7/26各縣市停班課一次看 ｜ 公視新聞網 PNN,https://news.google.com/read/CBMiT0FVX3lxTE91eDVQLVl1OVlxZnltWVNaTXNmRHVJMFN1MWZ0b1hRalloOUdWdDRjSUU3eUwwNlMzRHBVcVFCZUhpaEtncVNnNkYzZWpBcWvSAVRBVV95cUxOZ2FZTkhtcDBSUzZLUWhScGc0VnZ3TWV0RTBFeEtVSzBqemU5SVVCWldoQlNJY2FuMlBNRVlpTk0xMFIwbEVEWHNiSDdGVFFrcWw0bmM?hl=zh-TW&gl=TW&ceid=TW%3Azh-Hant,公視新聞,7月23日
父親節前後「颱風威力驚人」 專家細數9颱風曝今年現況,https://news.google.com/read/CBMi6wJBVV95cUxPdGM4Z1dYVTMzUnVFRGltU0o0MDNkX3dNSmp2aElfM044eXQ0WU9HTGtQOVdKcm5rVnNRbFhmTGsyVllFQ2N5Rzl4bnRsNVBPcDdjcU5nTEctWVhTTnlHRjBFRUFmM1dLMmk3aUpXM0NZUXJUQm9TZ2JHWW9tQlBwVjNuM3FHSi1Eb2xvYnBpV1RiSkNmdmtyX3dmaWJNR3dTWnBSZi00MUVWVmJYS2JFeUJ1c0ZHNW1rUmgyekZzZ1IyTDd5Vi1JM0hVa1ZCSW9RTEJiNjdoakRTVXNsRkhPclRPQ3U4aFM1UXJPcXRoSXBLNWpENms1LXk3NEk1MGxZM2dLT2lCelhRZTBqVzhjUm9tdDJNRVpZbU1DN0R2b05oV2swNHhtU0V2U0NqbVlOd3A3NmNLWEEwM3VjMUJVVE1oYnYyR1ZZSVY4RXdGcXJvQ20wR3J4eU5yeHBJaWxlQWJCSFFROXVHR3M?hl=zh-TW&gl=TW&ceid=TW%3Azh-Hant,Yahoo奇摩新聞,3 天前
颱風假急轉彎 6縣市首長被罵翻,https://news.google.com/read/CBMiU0FVX3lxTE1GOGtvcU1FamtzeGIwSXJaRkNFYnIzdTNGQkFSV2VtdkdtTG4wbzVzZ0dzZFFLSmRJUVZLVEs3cEdZLWhNNlJUOEZoRlM4MlhSc3M00gFYQVVfeXFMTm0xSHZRRUJoaEZSUTAzdFIwU0VzcFNuQlB3M2l5LUpyWjlnOTB0MmNiZFY2YXVJMHJScUhoQy02M05kSXFsSHJ5T01fYnlhWnVLZi1USEU4Yw?hl=zh-TW&gl=TW&ceid=TW%3Azh-Hant,聯合新聞網,7月25日
颱風假再+1 高雄市兩區29日停班課連放第六天,https://news.google.com/read/CBMisgJBVV95cUxQZEV0Ul9XNmRtVG84dGFhd3V4a2FIQmFscXBLT3FiVkl4Mk9ZR3VpeWk2TmdSVVFRVVpvUkZqamlzZDhOZzdSa2dJQlpUNlVLbVpmM0taS1E3d3FQeDliTURKSW4xRUdYRlBSVlVoWUg4UllOSVQ4dklNTWFXbU9ybTJtOFRkMHdQTGhoMFA0b3JEdVZmR2RmcmtfTmhWUE9reENBZDFhRkdTNkhQVVJQMlJJeWljU0VSQTV3YWRCZnpOekNwOWJhT0hmczJvdWVRZnRzaE4zcHI5UWliZS1yMW84X0x0dnpsazFqQktTWEVhNVpiMGJSN0F5cEJSbm11UXkzTEVEak8tQldveDdPRjFEdFMxYUVlSUdaTzZ4MzJMMGwwMWZvbGhCaUZIR3VCa1E?hl=zh-TW&gl=TW&ceid=TW%3Azh-Hant,Yahoo奇摩新聞,7月28日
視察嘉義、雲林颱風災情 卓揆：救急為先、調配預算並全面檢討治水工程 全力投入災後復建,https://news.google.com/read/CBMihwFBVV95cUxOSUNQM29fUjFrcm9vbmtCUnJGNmpPUHUyWkRDQmJ0azFCOFRaaEVJUFhibDQ5N0oteVpxZE5FbWtzak1aaThBbl9kVWwyN0VrRkdLRzJBQnhYdTNJT0tpOUdCeExYdXV2NERua3lZYlFqN280cVpieThVbXBiOGdBcmt6VWNCV0E?hl=zh-TW&gl=TW&ceid=TW%3Azh-Hant,行政院,7月26日
颱風假放第4天！高雄10個行政區27日繼續停班停課,https://news.google.com/read/CBMiUEFVX3lxTE1mMEhDeEtnTXoxYWpBWTdMQmlvTlYxYllYMmFySkFNcTllc3N6UGhOM19WS3JheVpGQ3Q3MU1XX0NxSjE3eDRQRndUR2YyQW140gFYQVVfeXFMT0QzR3hEaU52Z1pwd3A0QXA0RWk4UUI0YlhrejF5Zk4wbGR1QXNQS2pfZWw2a2YxUGdjMWlybWNXU1pNQW9kdUZtRUhTWThiM21relc0aEdPUQ?hl=zh-TW&gl=TW&ceid=TW%3Azh-Hant,聯合新聞網,7月26日
賴總統：颱風凱米農損嚴重縣市全品項現金救助| 政治,https://news.google.com/read/CBMiX0FVX3lxTE1FSlVVWU5vTGRZbFJYdF9mMmFvdEZNcFVnV0oxVUp0ckJxSjhNTS1BeHJlTkxoSVllak1waWhpNTJva0NWRjFpZFJFdDlXcDl0NkZpbVk2VUEyaHJuQ0tz?hl=zh-TW&gl=TW&ceid=TW%3Azh-Hant,中央社即時新聞,7月29日
快訊／凱米颱風來襲 做好防颱準備 注意人身安全,https://news.google.com/read/CBMia0FVX3lxTE1yUUk0U25vS0dnUXlvQUJfbmVsdF8zdEpucHpwLTEtbVRWX2VFUHUyeFRhZXJfdV9ZSmtkaU5LYVI2UUNjYjhYY000UG1KTXZZNGsyMnNDVFh5eXhuVTVQdUhvZDhwSXRDSXBN?hl=zh-TW&gl=TW&ceid=TW%3Azh-Hant,政大校訊,7月23日
新聞眼／颱風假政治學 地方首長必修課,https://news.google.com/read/CBMiU0FVX3lxTFAtQXV1NG1XeW1SN1F6UXB1eEdQYkVISWhlY2NVTDVsNmh5SVZsWmk0T0FEV0ZYVVV2WndVTWhUa2c0U2I0TFJiVUdSQ1VFcVluQ3pN0gFYQVVfeXFMUDlmZ1dUNEpORmNtSlhtdmFzODJ6SmRZTmg5Rkw1UWxvRG4xMXMzamlQZHh3bFhGYjQxeXdUMFJhQzVqcnQzX0lRNFlJZTlXTmZFUm83UjJheA?hl=zh-TW&gl=TW&ceid=TW%3Azh-Hant,聯合新聞網,7月25日
連放3天颱風假？ 這些縣市可能有機會,https://news.google.com/read/CBMiUEFVX3lxTE1DNVhxX21wOG5KRXVGU1ZpeWRDTmE0cTNMUC1kSEdrblBiTGtLRVdnOVE5WVJHNGx4LVVjWjIwWE1SRzJubExWZi02Q0pzOXh00gFYQVVfeXFMTlo3T3c5WXMwS1hZOXNoS3FaaVJEemp0WEhkV3BlZXdpTWJMSXV6R0pya3JTZS0zRmRxOXNFa2ktNURzdHA2U2RDWVpmZFFvRkp2RWlPMjlUVQ?hl=zh-TW&gl=TW&ceid=TW%3Azh-Hant,聯合新聞網,7月25日
颱風凱米來襲蔣萬安：今晚8時宣布25日是否停班課| 生活,https://news.google.com/read/CBMiX0FVX3lxTE44Z3A5U0hNR0lQekVsTXp5SHZOLWFnOVB3azBHbTVSazlSekdnSlk1TUV6Zld3ekw4UUF6cTVqTDJMSUZ1amV0MzJuMng0b2g0WElmd1l0emUxUVFpVGFB?hl=zh-TW&gl=TW&ceid=TW%3Azh-Hant,中央社即時新聞,7月24日
放2天颱風假損失400億！郭正亮警告「沒人這樣搞」：真的會出事,https://news.google.com/read/CBMiU0FVX3lxTFBTNGp6WFpFa1kyRzlDaEd1VTdSV3JHYUhWMm9HX2d5RHd4b0xqcGdMd19NdDFIRC1kWEI1MVlucFVIYkRPUDFBcVZaMmdBYnZqcWVB0gFYQVVfeXFMTUFBYldRNlloRnBiVUttTE9wMjJmRXk5bmNnaVY1Ym9iMzVuTEJPc0hBbnVaa3Jic2txMndKU0Vua2ViTm5pR09yWUVZT0xZV1lqU2h2alNmTQ?hl=zh-TW&gl=TW&ceid=TW%3Azh-Hant,聯合新聞網,7月25日
放第6天颱風假 花蓮大天祥地區、和平村29日停班停課,https://news.google.com/read/CBMiUEFVX3lxTFBJOXF1YjJNRndIbjltQko4OFNFcTk2QTdLMHhRaHdIeGV3d19RVXFlV2VJN0JnWlVnb0RBVFhiWjR2R0lxdTNBcFhLRWN0anZN0gFYQVVfeXFMUE9JSkVXWE9yREliVU1NRl9zUkw2dEF3UGR6ZXpyR1hlV3ozZHBlc29wazBkNnktWEJwaDlIbWd4WXBROGdKN1JzZmdyRnpKbEVubHZ4Y1NLcw?hl=zh-TW&gl=TW&ceid=TW%3Azh-Hant,聯合新聞網,7月28日
颱風凱米重創高雄10行政區27日停班停課| 生活,https://news.google.com/read/CBMiX0FVX3lxTFAtcWE1azMybk1nX3FrQlc5cUdqbjU0TXhjZkluWkVlOHppOFZmUnpvNFJxNDk0Qi10bExHa0RaSk5XYWpGVUJzTXVCV2dDTWxTZmxUMnVfSXIxYkNrQVZj?hl=zh-TW&gl=TW&ceid=TW%3Azh-Hant,中央社即時新聞,7月26日
颱風假不斷更新！凱米颱風來襲，7／26各縣市停班停課一次看,https://news.google.com/read/CBMiR0FVX3lxTFBsNDhUUVhfSkVlenNWd24zZjVhYmlMLUJXaFY0bTJJcDZvMEhPenRCQ3JGcGg2X2V2bUdOdEEwdzhzTmo1UjM40gFMQVVfeXFMTjlTX3hDWFJzX2ZON0VtUTlLbWtVVVZ3V0owTUhBdTUwdENLTllZVU5VTDN2dGhxNGZ1ZmdsY3hGTzRNNDFHMFR5VkFCTQ?hl=zh-TW&gl=TW&ceid=TW%3Azh-Hant,早安健康,7月25日
未來1周時晴時雨這2天雨勢最猛 赴日本要注意準颱風動態,https://news.google.com/read/CBMiUEFVX3lxTE5YZVRiUkFXa3ZCeFp5X2hhZm5pN0NlQWE2WnBFUmcyVlNrcVZRZXFYeGtPZTNJYjQ5SnBYS1BBOUN5clA5bXNHNFBxd1RTNG9P0gFWQVVfeXFMTmZnclZBUkstNzBaSnNqcDhsaklrOW4tRnFjZjgtUWw3dnVMdWNEUUFoVkdCMzZybDBYX1ltOU5BdnJnVDZ5bVVyNUdBbTk0VXpzakVac1E?hl=zh-TW&gl=TW&ceid=TW%3Azh-Hant,聯合新聞網,6 小時前
不斷更新／凱米颱風外圍環流仍影響 全台停班課情形一次看,https://news.google.com/read/CBMixwJBVV95cUxPNlZySHZ3WkFkV1dKaXVUamFrdUI1clUzb0ZUWDliNTB1R3QwUjZWbk12dnlhUFBZdXhmYVh2ZnJpZS0yYnpyd1RPSVVRZ3VIRW5qdGZoZmkyaWd0OUdaM3puR2JqaEVRY2J4cW56YXA0UnpfeThOeC1nb0dESkVnWVVOTF9xdVVCWGlsMHRMNmtIZXBQXzRHbC1tSVB3YW1sMm9Ca2ZFSDlrNjlpbjFDc1JIOGc2Y0h1YUV2bUZWNWg2Mnl5cDBSSHY3SVRhZ2tyOGpvTjkzSEVVRTdzUTB2cEdaMXpkOGVfbUJuS2NYYnc4X0ZpMXZRTTNWNUwyNXhfbGVfcGV0anNJOG1kbElsOGEzdGFqbkhGWC1XRFN5NkdMRmVWMVBDOGhKWF9nb2xFcTRjSVhKTHBsX3V1T1BRQzJCel9jbVk?hl=zh-TW&gl=TW&ceid=TW%3Azh-Hant,Yahoo奇摩新聞,7月26日
未來一周颱風侵台機率曝 吳德榮：午後防大雷雨,https://news.google.com/read/CBMiUEFVX3lxTE05cjYwNV9NX3NJYnhDY1dTbFVhdHBxdDBGN1pkT1RVaU9zbmQzRmZrVGRONFFOS0poVkYwM1NFNjJMZVd2OEVEX3FWSTFjd280?hl=zh-TW&gl=TW&ceid=TW%3Azh-Hant,聯合新聞網,7月30日
颱風動態最新路徑：凱米颱風假停班停課範圍擴大，全台僅1縣市上班上課,https://news.google.com/read/CBMiTkFVX3lxTE83RnlRVkd1VWpzM21feFpVVHYzWWQxUlp4eDdET243T2Z0X1BPSVRTdVJSdlh3Y3hMT3JKRzRmdFlpOUNrRTI3eTlSdWpZZw?hl=zh-TW&gl=TW&ceid=TW%3Azh-Hant,遠見雜誌,7月23日
再放一天颱風假...風雨量達標 新北宣布明停班課,https://news.google.com/read/CBMiUEFVX3lxTE8zdkZMcnRscTZIZnBDaWNpb25CVUo3QVhYMW9RZnI3eGtkVUFNSTZRaEt4VTZkV2h0emJaZTN5TGlUZm5CZFl2VkJNSER3Q2x00gFYQVVfeXFMTVA0WWh4TTFEVmZWeW9qOHRCQWhCZWNCZXVtUnQwMHZIZTVxNzFHd2VGR254TEpQN2hUbWxLNjRlUHV0Sm9OcktqeWg2QUlfQ0IzQ25QQWE1TA?hl=zh-TW&gl=TW&ceid=TW%3Azh-Hant,聯合新聞網,7月24日
凱米颱風最強時刻…夜鷹「堅持揪住棲架」挺過風雨 意外拍下難得畫面,https://news.google.com/read/CBMiUEFVX3lxTE5MRXdsT2N1QWZINnY3b0F5R2N6YzBnZ1h0TG43c3hOcGx0Sjh1NFhZZ1ZXVHgwMDdQRUdMZHFNSE1jYmRsLVpsamNBcWFleFpo?hl=zh-TW&gl=TW&ceid=TW%3Azh-Hant,聯合新聞網,3 天前
颱風凱米暴風圈最快深夜脫離台灣本島26日降雨趨緩中南部防豪大雨| 生活,https://news.google.com/read/CBMiX0FVX3lxTE5wc0JYeV9uclJmZGN1LUJtUDBxcUVWRlZnTkowVWdXTndUN0lnV3M3Z0ZrY2RYLWtaSlB3VGswNUl0S0dXVmZXelgtTFFNam9tcjdub1pzYzZpYmY3XzNV?hl=zh-TW&gl=TW&ceid=TW%3Azh-Hant,中央社即時新聞,7月25日
颱風「凱米」來襲！最新動態：至少中颱以上，這一天最靠近台灣,https://news.google.com/read/CBMiTkFVX3lxTE9iS3AtX1pXOHc4b3lPWHU1ZEx4cXV2Z0FxdWJDQ0VOeWJOMFhuWW1oYzdOUTBsWGtJa0hDVEFsWXZRaThsbC1zU09rNmxvUQ?hl=zh-TW&gl=TW&ceid=TW%3Azh-Hant,遠見雜誌,7月20日
凱米颱風生成 23日發布海警機率高 ｜ 公視新聞網 PNN,https://news.google.com/read/CBMiT0FVX3lxTE5meUdBck5ZM1c5Z0hmRVBua2FIZmhERHh6MjN3RE5yU2NwZm92MVBPZ24tamIxWWlQRjVDbTVDNU13RmdvM0RPUTRpR2NvdEHSAVRBVV95cUxON3ZkbzlDbUloOE43emxZNjJMMjVEVFkyMjRoU3VuTHNuUG5RRWRMVnJfT29EVE52YndiNlV0aXRKV0lMS0hmWnA3Q0JGdERUSzhkZWE?hl=zh-TW&gl=TW&ceid=TW%3Azh-Hant,公視新聞,7月20日
連放2天颱風假「全台損失400億！」他批不應由縣市長決定：沒人這樣搞的,https://news.google.com/read/CBMioANBVV95cUxQU3lHUHlKV2d4dHlsNHhOMGlLRlNmSU1DNjJWdjhzc05GeEIzOVk4aVcyLVpjbzBXWExId0dBZ1BtcDVEalFaRlJOTnh5UUxjb0NEY29MU2kybk5nekJqQkQxOGZkSjdYeG5ySTA3ZHBtR05HeXNJREE5Ui0yRVpSV19wcmhhMjBrbmZMWS0zV1U2MWc0SlcxMHNXRjZCUHptZnpuenV2aUdGUWNkeTEtT1FKTzFPa1lyTEFuTGlJX2JYM3VPaVQ0WEZ0ZWdmbFJTUzltRFctQzVDTXpqSWNwcnJZUDZwNjJheEtDOWtHYXhNckUzaTIyNW8zOWFvaDlGTU9wLTE3ZVZPNkhNMnBlU3Z3Tm00akszaktYSFgtOWNZZzlFNERIRzhSN3FOaVJFUDcxZFVwaVBJVndoWnR2WllkcFhDbVRxNzVSRlV6RzRGWXk3WWxBSG94aHRJVkE1LU9Pc2ZZNjJuMWRWeDJkblYzREl0OFlmNEh6b2NFOGdrN2VDRm9kMUdac2xaNjNObXFFTElHZElyQlA3TXVIRQ?hl=zh-TW&gl=TW&ceid=TW%3Azh-Hant,Yahoo奇摩新聞,7月24日
颱風動態》凱米轉中颱，這些區域颱風假機率高,https://news.google.com/read/CBMiTkFVX3lxTFBsa3g1ci04UVJ0cXdWcEktWHotMFJCRGNDaDdoVjcwcFJOdU9iYXRkRDNJNlcwUzczRU1COHg5SUtDdE1JVzRvRll2Z0Q0UQ?hl=zh-TW&gl=TW&ceid=TW%3Azh-Hant,遠見雜誌,7月22日
連續9天放颱風假！ 花蓮秀林鄉大天祥地區、和平村8月1日停班停課,https://news.google.com/read/CBMikgNBVV95cUxOcU9XS25Ubms0ZGxxbXFhWXFxYXctLVNkZjJDejZYRWxjQ3ZoVlpxSm16M0lpZ0pKeVkycUhOWVlRMzZlRUhGOXV0TWNabS1SSWkweWlfZTZoaWRZUmFycDRJa21hUW5mSUpLSGdGaGkyeWE1M3pqc3p0SnpGUndlbHIyX0dlX3lZMnZvbUp3U0dqWWVBQW54TFpKMnJwbmlUaDJkd1NzQmRJVU5FM25HQVEydk9OYzNrTF9lSlNDRnZDRWZGRFpvZDZyVjZVR1FTTVlfb3ZJRENPUWZuX3dhd1hyd3JzN3pDVkdpYWJ6aDZrRDlOYVlfYWV2Mi1zT0UzS0dWc2FaR19td01JR2ZYTUJoS1NScWFUb2JyX29ZNGJYMjA2djRGX3pNMVlhdHRKYlBUcW51NXBuUUhfMHlNa2o5LVRTdFduRThOdmFqT2F5V053NlhvYk14MmV1NHVyVFNCOFc5U1ZZbmtBLUNVNGlyWFgtaGpiaU9ueEdxTGJQd1I2ajR1bjZzWFNIRHpLd3c?hl=zh-TW&gl=TW&ceid=TW%3Azh-Hant,Yahoo奇摩新聞,6 天前
懶人包／還有颱風假！全台這些地區29日「停班停課」別跑錯,https://news.google.com/read/CBMi4wJBVV95cUxNYlZZbmMyRUVkMldUeU1DSGUtWVFXM0hqQ1dkendVMUZ4cmpIbFhJeFdhbENCLVEyTnVPWEo2WXVmdXM0cHVRSWluX1pxcF9BZEpEdkxaSHQyWVdXR05ySG1aTDNwN280U3BmclZHRmtwWndaTlpTbEMzeXdneHQ1OWVNaS1kZEdCTWlTUEFfMUFHTFNwYkYxRFFoVi1CT19VSVVPWnROc0hzYV9GZ2E2ZFoyeWl6RDE5dzJocUZjNnlUM0FVTWNSTmZfbU9rWmRockdxLU9fZFNhZjhuaF9aZTJnNG9IREpJX21UajRfTGpDQ0RPUUthelk2UnRmcmcwQkd0Wm4yRVdfSXNVMWtCSjZPUTFoMkh1QkVSbVdQSUtWT3o0elFEcGg4a0pxVGdyTFFRRjBOQm9ZbHlvZDlQM3VLVjctMDlTaXlqelRVLWZpR3BGeHlKdFRuN3VrXzZqRHA4?hl=zh-TW&gl=TW&ceid=TW%3Azh-Hant,Yahoo奇摩新聞,7月28日
吳德榮：8/5留意局部37度高溫週末颱風可能出現對台無威脅| 生活,https://news.google.com/read/CBMiX0FVX3lxTE44N09rWlBTSHV6SGpuWXJ0SU51VG5zb2U2aWZVdmFiQ1MxRVhtTFZVZ0pkaksyY3JRLWR5TUFYMW5VajFabnhVajE4dHV5ZnlxbXdYQ0pRdlp0NVJnUW5n?hl=zh-TW&gl=TW&ceid=TW%3Azh-Hant,中央社即時新聞,2 天前
早安世界》颱風凱米逼近全台納陸上警戒區21縣市停班課僅金門上班課| 生活,https://news.google.com/read/CBMiX0FVX3lxTFBCOGh1UEZwOWt3N1MtMGMycUVhbXNNcnR2NWtoSm1WbDRveXR6OUIyNXR3SDAtTUpmSmdZXzREaXF2S1hCN0lKWXQ3elIxZS1VbHVCV0FZVmVSYVFYWkVv?hl=zh-TW&gl=TW&ceid=TW%3Azh-Hant,中央社即時新聞,7月24日
懶人包／還有颱風假！全台這些地區30日停班停課 平1颱風最多放7天記錄,https://news.google.com/read/CBMirANBVV95cUxQRFEzNFpIMXFBQ0Y2b1FRQkpXR2V5T1piZ0Z3MkxDUTBJUnV2eElTa3BGaC1BZkVJcGdieDZaMm85aUR5Ti1EY2J6SnZYZWQ4ZEJJMllVN2h4U1JCd19pNWVaeEVqQlRYWFVydlBram05Y0g3LWtQZDF3WF9XcVlWcnJrVl9iYUE4U1dBUDJHcHFVVUV6aUgwSm1IRHJ6WHpCNkI0LWJocVZiQ1dXZ2k0R2IxTjRabDdCaG5QaVhxcDhGT1Y2ZFRjdW1NZVRMd1BuOUI5ZTNKQU1BeFlWUUktXzhERHZuTy0xWlhqSHJjNS1lNlZRU3NFdml1QnJTYWZrUm95aUJWWEh4em00ZlpiZ01CbDdrMDVlRDlIRUFma01EcUhsTjlwTU9OaTVNSVdodTBnRzhSZjBvTlR2M3hmdFdoQlhPemJmaU92REFCV2lncHQ4M0thLWIxRVdYenQxanowQXhXRnV0LXBPZ2pkM2duT3BnT2dCU1B2OUdOM3FBTHdSNmgtV1RoanZxdlFHLXZUQUZSa3lxeGVBOXg2dlkxTVpCQjZGdEVVNw?hl=zh-TW&gl=TW&ceid=TW%3Azh-Hant,Yahoo奇摩新聞,7月29日
第2天颱風假是否營業？SOGO、新光三越、微風百貨全宣布,https://news.google.com/read/CBMiUEFVX3lxTFAyNThZZVZvOVJEYTdqMFR0OEdHWHhjZE1wdHozS3hoZDFsWC1ySlk3QnZSaDRzOE9OV3RjMzl0SGlvTHE0dGhnb09aR3BUdWhi0gFYQVVfeXFMTVEySnFrTHhlYXRWcTdVdVBrV1lSanJmTENVbnUwRjNTM2d1SFpIZjB2ckQyTXM0eDEzODVIUXg5X3R2eC1nVW16d0NzbEw0bE5USWIzOG5wNg?hl=zh-TW&gl=TW&ceid=TW%3Azh-Hant,聯合新聞網,7月24日
颱風假停班停課25日再一天！氣象署：颱風動態週五中午左右才會漸遠,https://news.google.com/read/CBMiTkFVX3lxTFB0ZnE5SExoUU82SU1kNThuM2t0QUdRVVNpRnltU2xlWG5CWDVrOWRYZUdRelhpZjNJbGdWdDVManNEeHhqMEY0eC1iY3NsUQ?hl=zh-TW&gl=TW&ceid=TW%3Azh-Hant,遠見雜誌,7月24日
停班停課再+2！「5地區」颱風假連放7天,https://news.google.com/read/CBMivgJBVV95cUxPbVlhYXNXWVhfZ0w5ejAtTWswaHJDQkdDNTM3U0VrUVZhRU05X0lHdjljYWNSWFZfendBZVMyNERtX1Z3MzZ0bk9rZGdmVGlPNGxRVU9NY0hrUXU5dWhlN0JQejdVOF9uY3ByWTlreUp1N1VzM0R3TFFua3g2bzFqY2l0NkUzOFM4ejNNLUJoWEJKc21ZcFIzOG5mZGljVVJhcDJpNVp4X2xBeHNHQzh4UWJfMVdqTzRUSm1vWHJ6N0RLampqbW04cEg4S1JSYVhhT2htREtjUG5FUlhIdE1RTzd3NlZzREZLY0lWSFJqTmVNdTZsSU1WYU1id04wdF9aVUxtNjF6d0JOaEMzYW9vVDNkeXV5Ujhlb0VwYkQ2RkJOb1Izb2hBVDdqbFctUTBlV1UzeDN6ek9tR0hLWUE?hl=zh-TW&gl=TW&ceid=TW%3Azh-Hant,Yahoo奇摩新聞,7月29日
凱米重創中南部⋯未來十天又有颱風？賈新興這樣說,https://news.google.com/read/CBMi0gJBVV95cUxOeHZMUUZGRnI4bkZSNmpMVVZKSjB3WFdYTEhPY3hJcklCbnR5RkNDZk9IdVp5N0UwWEVEaE80a3VIVDhmdUxTZmtDdXUtcGFnMUlocTUwYUVadU11M0l2SFVxTDRtT1ZWUDVVNW1GaVNLeUdjTUVSajJ6TUZ3cS1pQzVXZEFPWXVGYldJdVFXZUx0emZRbVpNcGpNb0l1WGs0RHUtTmhzdGFmRHJJb0JoZFFsem1ILV9UdzZWbEJCYndYblNnOE5NZjB3ZzJSckpZRTFKc2Myd2VfVVFmVmQ0Sk9mVWJzRWFjVUF1bVNLNjVEbVBlc0tqSFJJa0pQcTUyc0lqT1c5RmJQbVg1ZVUyN0xkcEJ6LTJsUEs3cjU3SUNUMWFLUEFIU2F5YXJsYXdFazNjUFBvNzV3QVVNWWVwUEpSOTE0ODFTSmFJcWJNSzBFZw?hl=zh-TW&gl=TW&ceid=TW%3Azh-Hant,Yahoo奇摩新聞,7月30日
整理包／26日停班停課資訊一覽 馬祖改全天、南台灣全放颱風假,https://news.google.com/read/CBMiU0FVX3lxTE51Z2JvazJxWXp5S1Znb2lJaFVHR05uamRhVVR4QWgwV3NxZ1dZQ0xOT3RJNWtKNTVDQS16R0JFbEFtbGxJWUpWeGp1UDlZU1N3enZZ?hl=zh-TW&gl=TW&ceid=TW%3Azh-Hant,聯合新聞網,7月26日
颱風何時會再來？賈新興這麼說,https://news.google.com/read/CBMiUEFVX3lxTFBPcHloeEtEZTVXOG9Wb2Qtazl2VnF4Ny1RRlNaOWlobFhXZnFvMFFSSUduNW12MUxpOFYtN2dKRGwtZnJZbGU4RGJpX0ttRnJ00gFWQVVfeXFMTmlsUEF6YkdOZktfNmJUYmg4WTJ6TGtqbHltaktxb3oxUDd5RWM0RkJaOEpDM1lnYll3UFFxbldPWWd5Y1RPcDZzNHI2d28tNnozb0stMHc?hl=zh-TW&gl=TW&ceid=TW%3Azh-Hant,聯合新聞網,7月29日
賈新興：8月台灣降雨明顯偏少 不利颱風生成,https://news.google.com/read/CBMiugJBVV95cUxOVXE3UXktMkNNc0RDaFFxOTFta05lY25SSzNnQ3JPZVhPdl9FTnVEMEVCXzNrVTFwRWV5cDhka3ZJbHBISl9JeFJwY0FJQlg3eXFTSVgwendKbnZHM3ZGN3FCaHdhYk9DdWhmeHJyUDRRVk0tZFdqaHVtLVB5VFJ5MktQTVNFNzBlbXhFbFNkV2h1TmxkYWNocXZDeHk5Y1BwbFJWSXhaNUJKMmpKd1pJLVZnWHlfd1poLWJwTUU1bEdvVjUzV2w1OFFEc2hPY2QzbWtoNVhDOVRJcV9jS3dsUVlFUktCNlpHUllBR2ZsTzhROG54U2FFaF9BZWpoUVotRXVxaEhpTktXN2JkbVJRVE85MVJqVGw5TDFEdFktRU43aDlFcmtCeE56SG5tOVdFUnVCRjNqZVdlUQ?hl=zh-TW&gl=TW&ceid=TW%3Azh-Hant,Yahoo奇摩新聞,7月30日
凱米來勢洶洶 桃園明天再放颱風假,https://news.google.com/read/CBMiUEFVX3lxTFBsODdVbHRCQ2RfUDQ4OFRYQzYzMldsdkd4ak5wSVZITlVGdHFqVGZhbFRlX19ReEVoTDluSjdLV3ZmZUplVThWMGRWcXBWcU9w0gFYQVVfeXFMT1Y2TC1lYWdlRzVMODB0M2JYRlRtSGptUW0wdnN1V0RvTUktcXpnakJLRnFTQ1l2bVBmczR5V3VYX2lZMVNqblBuUVh1dklQc0xodGxJU3ZmRA?hl=zh-TW&gl=TW&ceid=TW%3Azh-Hant,聯合新聞網,7月24日
再放第3天颱風假？氣象署最新風雨預測出爐 這些縣市都有可能,https://news.google.com/read/CBMiUEFVX3lxTE14amF5TEJYR2FsTnFFbFY1eXZfOTdWSnUwaEhQcTZQQTlmaXdFUHZiaGpnT2hReTg5T1VuLTJDRDQ5RFNoSlhIMVZmdi1tMkl60gFYQVVfeXFMTkwzeWVNVjJNbWR0RWRfR0tweFZPTDRGMlNBdGI3Zkh5b3N2b0lDTDRnbDVndF80dDd0djY3UG5VQURDRF96V1dJTEk2aHUtUkRLV2R5OVFLbQ?hl=zh-TW&gl=TW&ceid=TW%3Azh-Hant,聯合新聞網,7月25日
2天颱風假結束！ 新北市明正常上班上課,https://news.google.com/read/CBMiUEFVX3lxTE9kNnc5V2ZfdGtSb0dOZTNJd0c4N2dUSFYwaTZsc1Q5c3hESUl6QmhtT3dObDRJVE02emJMN285WmlVR3lObnVaX2FrMF91N1Np0gFYQVVfeXFMT3N2aFdTUnl2UW50VThFNDZoQ2JzblBQa2U3dEQzbjkwR2FBUm5uLWc5aXdQN1A2UURIeXR4ZnUxQnZNZlMzWmFvM0QxUlV0aXRveW1TUUk3TQ?hl=zh-TW&gl=TW&ceid=TW%3Azh-Hant,聯合新聞網,7月25日
凱米颱風襲台南部淹水 李孟諺：同樣的雨下在雙北也會淹,https://news.google.com/read/CBMiUEFVX3lxTE9PQVYtbFd1Q002U2pWSElBTVU4VlVUZFoxWms0Q19ORVFybE1SZ1FPbFlYQ09ZMV9mWm5yMUdPejlINGw5cUZKWG9DeDVVNjFQ0gFYQVVfeXFMTjBfR0Nfc0tGaUEzT3ViWkZDVERoSmpoR1ZYOGQ5SXdTNmx3M1MyUE1HYlNiTEVMWmN1aUJTU3RMUHh4NDJSa3VtWFlwVUI4MHNXRng2WlN5aA?hl=zh-TW&gl=TW&ceid=TW%3Azh-Hant,聯合新聞網,7月30日
影／南二段登山客3人颱風中罹難 登山界熱議「硬趕路」丟命,https://news.google.com/read/CBMiUEFVX3lxTFBnQjRiajBWdnlSRVNNR3l2YXFsWnF1T3ZmU2FLUW9oT2FlNVlPbUs3MmdOVF9aZGtuOS1RNXlKckhIRnFtMXlBbDNRVEh2cjNJ0gFWQVVfeXFMTjFJTnlXVWNneU1BMnhNdUNDenZyZmthaHJHanpZR05OUlJKMHFyQVoyejF3WVBoR1c2SDF5dWIwcnpiTHJfcVVhZkVELVBlNElnZ2lQTXc?hl=zh-TW&gl=TW&ceid=TW%3Azh-Hant,聯合新聞網,6 天前
不斷更新／颱風假再放一天！強颱凱米來襲，全台25日停班停課情形一覽－中央社,https://news.google.com/read/CBMiYkFVX3lxTE1DdGxxWG1IeWdwQ1dja2hlaVYtOVdmM2tUU3BmNnVqZDlzR2J4dHYyQzdPSV9JMFVUUVZMUDloVFZHWWRGZGE1aE5rRnFGQmhReEZtYmM4YkxDR0FjVWZGTERR?hl=zh-TW&gl=TW&ceid=TW%3Azh-Hant,商業周刊,7月25日
連放3天颱風假落空 台南市宣布26日正常上班上課,https://news.google.com/read/CBMiUEFVX3lxTFAzUlVJd05qYUh4MmJQTDhvNXlDTGFlM1ZrWnV3OGFma1Brczdfd0IwaVYtSm53YVZnOTNJTGRrckYxck03clJ4WUVBdHZYaC1K0gFYQVVfeXFMTmllVkJOa2h3RGZnbExXV3RzSmNvN0NNcS1zT0l6dDd2dldGbHZSOExlMkFaQ0RFNm9VMU5EZTNrQVlNLXJZSjdDaGFkQzlfSW5UblFhSk9rWA?hl=zh-TW&gl=TW&ceid=TW%3Azh-Hant,聯合新聞網,7月25日
持續高溫！明天立秋慎防午後雷陣雨 下周觀察颱風生成,https://news.google.com/read/CBMiUEFVX3lxTFB3Y2xCVDhDUzVGZmdYbDJtLXVjN1A1bWxtcVNqYXUxb1hhbWdpd0h0VVZEWUI4RnNPa1BfcENSdzQ0YUFjY1c4dlpmbGlfWkdr0gFWQVVfeXFMUGQ0c3RsbllPNjk4SmVWZEpyTWpPU291MGo3V2dVWnY4dXRXeFhjMUszX0txVjVBUjhic2M0cVZZVHhIMDh5TXI0dWNzSS1tTEFpaEJ6UFE?hl=zh-TW&gl=TW&ceid=TW%3Azh-Hant,聯合新聞網,22 小時前
颱風凱米最快晚間增強為中颱可能登陸北台灣| 生活,https://news.google.com/read/CBMiX0FVX3lxTE1FdU9UYUtCYU9KajZWSk96dDFTWENCcVR2Q1VMYlFvSUY5SXQ3TlU4aDBsaWFybWY4Y21JbnI4c2NhZml1Rm1qbjdNSlBXcFdkWWJKQUlqX2QyazEzNnFJ?hl=zh-TW&gl=TW&ceid=TW%3Azh-Hant,中央社即時新聞,7月22日
週末不排除2颱風生成逢年度大潮沿海防淹水| 生活,https://news.google.com/read/CBMiX0FVX3lxTE9JcE5CV0t3Y2h1OV9mQWJiUTBUVjZpRjk4QkMtQzJDRFNzVHZlQU9tT3o1ZGRUZFQwMnRXT0Y0M3RfZ3JjTEp1S2ZCVjhsVnQyQTBxMHlQRkstVEp6T3BN?hl=zh-TW&gl=TW&ceid=TW%3Azh-Hant,中央社即時新聞,7月18日
訊息專區-最新消息-凱米颱風強風豪雨路線多處受創，阿里山林鐵本線持續停駛至8月底,https://news.google.com/read/CBMiVkFVX3lxTE1lZmpJb25kRkJUZnhFS3RiTlVrY2ROR3lrMjB5VlRWSkRtcDhyWWVzeU92ZGpvODl0SU5YSEVTOFh0dHJxNVI1MG9KTGRiMDZYOFdjUzRR?hl=zh-TW&gl=TW&ceid=TW%3Azh-Hant,阿里山林業鐵路及文化資產管理處,7月27日
放颱風假就發100份雞排！新竹男說到做到 領取時間、地點曝光,https://news.google.com/read/CBMiU0FVX3lxTE1qaV9SSEtFMVhBcFM0NHJ3amVpZnhaUjZyTmYxdnQyNFpud1Z2LWQzTHludzU1M0RDSElJZkcxVjRXNHg3LVJCWm9MMHF4UnZiZUdj0gFYQVVfeXFMUFpBRlFERXM1UWFCMmR5dVhGbEptcTU2djltbGpGMndlWElrbW5Jelk1dDdPMWZLQlZmQ0hmU0tqaFowb3dLZWVsNXJxcF90TVJ4akNfd0YxOQ?hl=zh-TW&gl=TW&ceid=TW%3Azh-Hant,聯合新聞網,7月25日
颱風假企業應給薪調查：9成6勞工、6成3企業贊成- 新聞,https://news.google.com/read/CBMiVkFVX3lxTE9KdE5rNVpJYXNMSlRTTUNRZWRZS1FiaUh0VXhRQnU4bmxOcmU4Vjd1dFFJWHpvQmxPLV9pT2VSSnRiSlBEZDhaNEtIYTZWd1BPQWpicndR?hl=zh-TW&gl=TW&ceid=TW%3Azh-Hant,Rti 中央廣播電臺,7月12日
「瑪莉亞」颱風最快今生成 朝日本東北外海直衝…專家揭對台影響,https://news.google.com/read/CBMijwNBVV95cUxNenJ5RHl2bTJzb2VkTGJINHJQM0pkd0pucWFrTjNVVDBUM2t4Z0hSdWp1RXVVaEVKRFZsUXhnc25lcVVnbVFwbUtGaFFPSG5VZ21TeFRCanloRWJMdFNhNHcwVHpreEFGdUJ4T2x2V1Z3bDVuS1lVQVZMRUdxZzRDb2pOTDJmdUplWU5xbGh2NWhRYWZnUzlLYXVfTUN1RmJMRFpoa2QxMHVNeVhwbk9vbG9TamVYbnc4N0tXdDlXS3pHQnRlbDJsZVJjNHFiQU15UVJVWHBKSnlJVUR6SDlGeE1yREtMaGpMRmtmN2lfVU1BSVZHQ2RFSkRxQXE3SXoyUDc0ZmZrTnNiZmgtbl8tRktZR0ZXUzdqWk5EdUhnU2xBUy11VGdxQVg4Y284M3dLb1ZPX3ktOUFlSXRtNmZRU2dXeUxzT0ZidXZLZFNHRjJqWHFLUXdlY0huVV9OZ05CaVl3SWRaOG1fUEUzUWY3VEVETHktSmlnYkRNak15UEZSc2wyUURMdlprU1hROE0?hl=zh-TW&gl=TW&ceid=TW%3Azh-Hant,Yahoo奇摩新聞,3 小時前
凱米颱風24及25日最接近台灣南高屏北宜防年度大潮- 新聞,https://news.google.com/read/CBMiVkFVX3lxTE9mb2x6MnBoWExKYWpvQmxKMEIzemtBZTlQYlFBMTFSSjJ4TVZLUDNEbE1DUGF5MmhuempFazNzY2RZMzR1VzFkLV8tMVRLRnVpNnUycmFB?hl=zh-TW&gl=TW&ceid=TW%3Azh-Hant,Rti 中央廣播電臺,7月21日
鄭明典：台灣處「暖池中的暖池」有利颱風增強| 生活,https://news.google.com/read/CBMiX0FVX3lxTE1jUDc4cnBtN0MtVGNwYUJIanQ1S0hMbE82RExHYUh5UVlLSVd4eVRoeVhqR2Ezd1J0akR4bHQzaXhtRWsyTkp3M1hoNnZXem1jSk9VNzBGV0pTNXhpTk9n?hl=zh-TW&gl=TW&ceid=TW%3Azh-Hant,中央社即時新聞,7月10日
颱風天桃園這兩家商場正常營業被罵翻 業者回應了！,https://news.google.com/read/CBMiUEFVX3lxTE5aSWk0ZldVODY2Z3ZobWJhRE5NQjQ3VGtvUGRnSDBHeHRUWVp5VVV1dWJQTVVkZGIyWDBDNmptcnZDc3lBNV9GWEcza3dxa0l6?hl=zh-TW&gl=TW&ceid=TW%3Azh-Hant,聯合新聞網,7月25日
整理包／強颱凱米直撲！連2天放颱風假 25日全台停班停課一覽,https://news.google.com/read/CBMiU0FVX3lxTFBQWThFNXM2OEt5WDFnTXVRUVF1azd5RWY2d0l3NkdYY0tva0pMVDdmbDVzU3pFdFhjdXQwS0huTWN5cEpPVzFUVGszTHFDVVMycjFF?hl=zh-TW&gl=TW&ceid=TW%3Azh-Hant,聯合新聞網,7月24日
風雨明顯變小...颱風假結束 新竹市宣布明天上班上課,https://news.google.com/read/CBMiUEFVX3lxTE1ORDRYTWxfYmlEMFY0bG1JYnlsdUowWDI3TmRXSG5Xa1ZPVkxud1hxU1diOHpDY2wxT052ZWZLQlZnUVNxWGNQRl9WQW8xUkNR0gFYQVVfeXFMTmg2Z01UdlM2UVpueW5wamJ1cmtuNUp3MldfOTJTamJxS1h4M21fUnVMR0psODhCakhwZnlYeHpoNzdXRjhsRWtpYkJYRVM4cF82bEs1WWNSTg?hl=zh-TW&gl=TW&ceid=TW%3Azh-Hant,聯合新聞網,7月25日
3人攀南二段疑遇颱風失聯 遺體尋獲處距山屋路程剩1小時,https://news.google.com/read/CBMiUEFVX3lxTE5RYkdURVNSNHpGdlBidmpfX0R3Y0lqV3RmbEZ1NC1hZ3VESWhqcDQ0QWJFY1FSbzhfMWlXLU11QlM3RjlaSFhTNDRxWjBpR2hB?hl=zh-TW&gl=TW&ceid=TW%3Azh-Hant,聯合新聞網,7月31日
颱風過後小心病毒細菌！點名三大傳染病 醫提醒有疑似症狀務必就醫,https://news.google.com/read/CBMivANBVV95cUxPbzBoOVdjQTlxaE40WmdGR3RIZWIxYl9KdWpKa2N5REtweEFPLTZjaFliM3J2UVVReFUyd3JlQXk5Y2RobVUyQ3VKeFhjVXFsQUE2emN2RWk2MVd6dmcwS0ZRVjU4UWRiNUZ0MmZfWms3NFBBRi1hZDI3b3FyWkpMSVZ1V3dwU2MyeUxMVHdKSXRlUnVUdElrTEV1X01pcjg4Ukk1eGxfMXdoTXBENGNLdmQwSE5FZmpKYXBXOXJyaVpRc2thTG8xWFd0Tlo4VURLa1lOTVZhYmthaHZsalRtT2RhTk85Q25kS2tNM29lNDZ4MFJ5UFljYUNmdUljU2F5OG5qb3NCWFdxUTl0VHdQMlIzUm9mblBaRE5FZUwtWXEyNmhfc2hXQzhrRjVqWlJXZHpLQ2NIaUNZaF80MDROeXNyQU1LZzctQTJsWVRTMkZmUTQzVW05a002LXN4YlI4SWVaYnNfY0NHV1hYTTJfYkVqaUpBT0NVVklNUEt5VVZJVV9aOHotbFdaOV9GdFhFZnp2eW9nVFo4b3Zkb2tjbEd4NzlSQjBHNW0tSkJqVW9vRDNaOEMtTGJzcXY?hl=zh-TW&gl=TW&ceid=TW%3Azh-Hant,Yahoo奇摩新聞,7月30日
颱風要來了！「瑪莉亞」最快今晚成颱 最新行進路徑曝光,https://news.google.com/read/CBMi3wJBVV95cUxOTG5kX0piU3VpSW5rRE5GU1k4QTlWdk9xaFJpUUUzcEdXSVZYaTdEdkRJS2J3NlBjeUx1Q2ZQcnFRalVKVUthTmJQZU96M0ZJcnBHREVzcjZUQTJpdHpaM1ZMdlg5ampDRThfT3c0N0JLdERiNGZvNE9sdF9JbWtwWHBRb05wT3d2T3I2US00UGFVLVc3ZUFYNkMzemhxVURXUTNXLWNNY25sNFZ3QXFSZlpPdUxMLVdkckpNT0JhN2V5VEtITnZNRk5lVUc4S3ZyX29DZEFJbXY1cUJoQzRpRHEyTlo3akloQ2hPM05PVHlBWHBnZ1BJOVZMN3hnTnpnY0JJQzhSYUpnWHJtTE93ajdLR01HVlQ3QXFVVGRYYlZhdzhPS0dTbTZUZ3libXVuelFHay1odmVRUnN6LTN1dUJHZlk3MGVrbi0zS2x4NDIwT1cwZVh6ajk5TUMxZUE?hl=zh-TW&gl=TW&ceid=TW%3Azh-Hant,Yahoo奇摩新聞,3 小時前
